{"result":[{"File": "Pablo.txt", "Line": 0, "Sentiment": "NEUTRAL", "SentimentScore": {"Mixed": 1.51246931636706e-05, "Negative": 0.0068419938907027245, "Neutral": 0.676150918006897, "Positive": 0.31699201464653015}}
,{"File": "Pablo.txt", "Line": 1, "Sentiment": "POSITIVE", "SentimentScore": {"Mixed": 1.7277032384299673e-05, "Negative": 0.01805087924003601, "Neutral": 0.29354798793792725, "Positive": 0.6883838176727295}}
,{"File": "Pablo.txt", "Line": 2, "Sentiment": "NEUTRAL", "SentimentScore": {"Mixed": 1.0980370461766142e-05, "Negative": 0.002196520334109664, "Neutral": 0.5790569186210632, "Positive": 0.4187355935573578}}
,{"File": "Pablo.txt", "Line": 3, "Sentiment": "NEUTRAL", "SentimentScore": {"Mixed": 4.214209911879152e-05, "Negative": 0.0036736950278282166, "Neutral": 0.509852409362793, "Positive": 0.486431747674942}}
,{"File": "Pablo.txt", "Line": 4, "Sentiment": "NEUTRAL", "SentimentScore": {"Mixed": 0.013029309920966625, "Negative": 0.07901328802108765, "Neutral": 0.5331711769104004, "Positive": 0.37478622794151306}}
,{"File": "Pablo.txt", "Line": 5, "Sentiment": "MIXED", "SentimentScore": {"Mixed": 0.5491127967834473, "Negative": 0.008157762698829174, "Neutral": 0.28711503744125366, "Positive": 0.15561449527740479}}
,{"File": "Pablo.txt", "Line": 6, "Sentiment": "NEUTRAL", "SentimentScore": {"Mixed": 0.011006713844835758, "Negative": 0.3283447325229645, "Neutral": 0.6358677744865417, "Positive": 0.024780740961432457}}
,{"File": "Pablo.txt", "Line": 7, "Sentiment": "NEUTRAL", "SentimentScore": {"Mixed": 4.002106834377628e-06, "Negative": 0.0013996090274304152, "Neutral": 0.7406685948371887, "Positive": 0.2579278349876404}}
]}                                                                                                                                                                                                                                                                                                                           